Home,Visitor,HomeWinProbability
WAS,NYG,0.9551453208475976
PHI,DAL,0.9350121581454479
DEN,TEN,0.9083560760721328
SEA,SF,0.799450568885417
BUF,BAL,0.634995025572174
NE,LV,0.5592442576995258
LA,HOU,0.558418616382974
IND,MIA,0.5560171604988798
JAX,CAR,0.4436579608418165
ATL,TB,0.4294990058270445
NO,ARI,0.326121885545808
GB,DET,0.2670503554970538
NYJ,PIT,0.2261861409159478
LAC,KC,0.22060130356300453
CLE,CIN,0.14614151944788592
CHI,MIN,0.07589592263599179
